这,@
来,
国,
个,
说,f
们,
为,
时,r
会,
着,著
过,^
对,
没,]
还,
只,o
无,o
开,_
见,
经,
头,^
从,
动,
两,
长,L
样,
现,F
将,
与,c
进,M
实,
点,c
种,N
声,
话,
儿,
问,
机,C
给,o
业,I
间,g
什,甚
电,
门,T
东,|
听,
气,
关,P
内,
却,s
军,
产,a
万,f
体,w
处,
总,
才,u
场,
师,
书,
员,T
华,A
报,
马,R
张,
难,y
数,
车,
应,
计,
亲,H
务,
记,
边,
风,L
战,
许,S
觉,X
题,}
统,y
请,
爱,
让,
认,J
论,
百,佰
义,x
术,g
结,Y
连,B
远,h
资,Y
队,
带,
条,l
变,
联,
权,
该,
领,I
传,
红,t
决,Q
达,_
办,k
运,\
区,^
转,D
众,
轻,p
语,Z
满,M
写,
识,R
极,O
黄,S
脸,
钱,X
党,h
设,O
双,p
千,仟
广,V
议,h
际,H
则,t
单,
据,
导,
网,W
专,
谁,l
读,x
飞,w
观,^
争,
组,M
视,
济,
离,x
虽,m
编,
宝,
谈,
随,S
剑,
讲,v
杀,
调,{
团,F
终,K
乐,
级,
举,e
证,C
证,^
费,M
尔,
热,
响,
称,Q
兴,d
约,s
阳,
惊,@
吗,
汉,h
号,
绝,^
选,x
参,
亚,
伤,
类,
备,
欢,g
势,
断,
陈,
农,r
念,
脑,X
规,
妈,
刚,
显,@
陆,
确,_
泽,
紧,o
帮,
线,
愿,
杨,
节,
装,b
岁,q
严,
铁,F
闻,
纪,o
脚,_
苏,K
标,
饭,
医,t
况,r
软,
击,
仅,H
续,m
独,
罗,_
买,I
户,
护,o
责,
项,
卫,l
图,D
乱,y
刘,
爷,
龙,
错,e
创,
树,
灵,`
职,
乡,l
细,
诉,V
态,B
笔,P
块,K
质,|
湾,
韦,f
围,
静,o
园,@
辑,
够,
赛,
较,^
楼,
孙,O
诗,
敌,
试,
谢,x
怀,
顾,
验,
营,I
养,B
丽,
属,
恶,
维,S
渐,u
胜,
异,
负,
银,y
阵,
层,
织,
药,
馆,^
习,
简,
归,w
换,Q
丝,z
劳,
妇,D
评,u
络,j
环,h
礼,Y
压,
奖,
赶,s
兰,m
录,
画,
顿,D
艺,
亿,|
继,^
优,
险,U
阶,A
担,
访,L
讨,
临,R
吴,
摇,u
练,
构,
厂,S
协,f
挥,]
齐,R
温,
纸,
顶,
寻,
宁,
卖,u
顺,
梦,
剧,
坚,
杂,s
贵,F
旧,f
积,e
县,h
罢,T
扬,P
脱,
弹,
邓,
鲜,r
毕,
欧,W
岛,u
载,d
败,
枪,
适,m
虚,
预,A
纷,
销,N
鱼,~
盘,P
讯,
赵,w
灯,
状,
订,
镇,
骂,R
输,
词,~
泪,I
财,
审,
墙,
圣,}
跃,S
执,
晓,
桥,
辈,
闪,W
隐,[
劲,
闹,[
监,O
厅,d
库,
庆,c
绿,G
额,~
误,`
纳,{
遗,z
鲁,
货,
缓,
伟,
庄,f
烧,
抢,
戏,
谓,^
课,n
邮,]
荣,s
拥,
献,I
叹,@
阴,
横,M
签,
轮,
训,
圆,A
释,
诸,T
夺,Z
测,y
盖,w
阅,
购,
纵,v
挂,
择,
誉,u
检,z
宫,m
仪,x
摆,[
奥,W
灭,
虑,]
宽,
绍,B
补,a
赞,
稳,
厉,
届,
迹,E
鸡,u
忆,
诚,\
减,p
针,
竞,
伦,
钢,
诺,Z
残,
灾,
乔,
粮,Z
译,g
谋,\
础,A
损,p
辆,v
净,
荡,
奋,^
胆,
弃,
烦,
犹,q
税,
锋,h
遥,b
惯,T
凭,{
币,
启,
码,a
穷,F
颇,H
倾,A
韩,n
贸,Q
飘,h
侧,
赏,p
纯,
闭,]
凉,
扫,
贴,N
滚,L
缘,
贝,
润,
扩,U
栏,
吓,
俩,z
蓝,{
闲,e
镜,R
骑,T
颜,
贫,
驻,v
杰,
扑,
壮,
萨,_
忧,n
狱,z
凤,P
触,|
恋,
岂,M
侠,b
迟,t
辉,x
缩,s
萧,
辞,o
龄,g
径,
赖,
愤,
询,
惨,K
麦,
腾,v
乌,
岗,
铺,
挡,
帐,
猪,i
劝,
筑,B
挤,D
洁,
郑,
鸣,Q
颗,w
丧,
烂,
骗,_
页,
尸,
疗,
尘,m
饮,
宾,e
绪,w
贼,\
废,U
详,
汤,
彻,
轰,Z
怜,z
鸟,B
毁,
聪,
辩,q
饿,I
枫,
挣,
弯,
蒋,Y
违,`
亏,
丢,G
绕,@
暂,
递,f
潜,
鸿,
绩,
涂,T
闷,
励,
舰,
牵,
肃,C
夹,A
疯,
恼,
颤,
艰,D
苍,n
莲,
钻,
峡,{
辽,|
凯,P
猫,
涛,
锅,
罚,P
浓,
键,I
脉,}
锁,i
邻,
驾,{
祸,
览,[
铜,~
档,n
抛,
驱,
窝,C
裤,
阔,
玛,
频,l
禅,U
莱,R
尝,L
盗,I
筹,I
浅,\
厌,
寿,
锦,\
鉴,b
趋,
贯,
拨,
逊,d
赔,r
迁,w
袭,u
驶,
惧,
纽,~
踪,
丛,
锐,J
湿,
睁,
沟,
贡,
浑,
赢,A
驰,Y
恒,a
贤,t
饰,
偿,
缠,p
摄,z
拟,M
闯,J
贺,R
缝,p
饱,
抚,
册,
炼,
宪,
庙,R
谊,x
储,
冯,T
唤,
贪,
卧,P
扰,_
胁,{
谱,V
阁,w
鹏,i
卢,R
碍,K
综,C
晕,
拦,r
雾,F
耻,u
摊,
诞,Q
悬,
凑,
笼,\
颠,
携,y
掷,S
纠,m
稣,d
吨,
虫,x
绳,K
厨,N
涨,q
皱,
赌,
饶,
矿,V
畅,
喷,
镖,S
撑,
炉,t
伪,
谅,
钓,
肠,c
剥,
赚,
烛,T
厦,B
迈,~
齿,X
谨,
弥,
夸,F
债,
刹,x
肤,w
症,Y
钦,J
绵,d
诱,T
晋,x
悦,
艳,G
贷,J
颈,i
践,`
贾,Z
轿,I
娇,
潇,t
赐,n
坟,
颂,
砖,u
鹤,Q
渔,O
哑,
饼,
牺,
滩,
钉,
锡,a
赠,
铃,
顽,B
鹰,
轨,
哟,
硕,T
帅,
懒,
兽,F
猎,C
盐,}
饥,|
逻,
骄,
贩,
绘,L
蛮,U
叙,
斩,
吕,
谭,T
冻,
骆,
泼,
谦,t
厕,
岭,X
鲍,U
秃,d
仓,}
绑,
荐,]
鸭,
诊,\
纹,y
庞,
骚,}
哗,W
亩,
谎,e
篮,@
搁,R
厢,
瞒,m
肿,[
侨,S
叠,B
啸,[
胀,
赋,x
恳,
婴,
毙,
谜,i
琼,
呜,
窜,Z
颁,C
颊,a
嘱,
驳,g
沪,
贱,v
钩,^
竖,Q
惩,
绣,C
讶,
纲,V
滨,I
舱,
娱,
鸦,f
狮,{
凛,C
龟,
窑,G
纤,w
宠,
链,
坝,
狭,M
铭,
渊,Y
衬,r
缅,
搂,
缚,`
灿,N
舆,
韵,
窃,`
侦,
陕,
耸,
酱,u
壶,
痒,W
壳,
贞,
芦,J
辅,o
账,~
捡,
粪,S
滥,E
溃,
隶,`
旷,
缴,U
颖,f
妆,y
蜡,
剂,
骤,E
庐,]
苹,O
晒,
拢,n
胧,V
胶,z
讽,S
拣,
桩,
谣,{
坠,
滞,
诵,b
冈,
纱,
衔,
腻,
捞,
搅,
伞,
铸,T
躯,|
烫,C
浆,{
酿,
鹅,Z
兹,
捣,v
栋,
缆,|
烁,q
诈,p
纺,
锤,N
兑,
辫,p
堕,
觅,
谐,C
绸,I
浇,
沦,S
缕,|
萝,}
荫,a
讥,I
葱,[
巩,
斋,S
帜,
铅,U
贿,V
绒,q
侣,H
锻,
谴,l
汹,
讳,M
锣,
匀,
绰,b
绞,g
轴,S
垒,
蕴,N
佣,
昼,
蚀,g
虾,r
谬,
绅,
镶,
聋,@
垄,
彦,
翘,N
阐,U
讼,A
枢,
崭,
泻,a
俭,
